{
  "templater-obsidian:templates/Create Meeting Note.md": [
    {
      "modifiers": [
        "Alt",
        "Mod"
      ],
      "key": "M"
    }
  ],
  "templater-obsidian:templates/Create project note.md": [
    {
      "modifiers": [
        "Alt",
        "Mod"
      ],
      "key": "P"
    }
  ],
  "templater-obsidian:templates/script - assign to project.md": [
    {
      "modifiers": [
        "Alt",
        "Mod",
        "Shift"
      ],
      "key": "P"
    }
  ],
  "templater-obsidian:templates/Create new project.md": [
    {
      "modifiers": [
        "Alt",
        "Mod"
      ],
      "key": "P"
    }
  ],
  "templater-obsidian:templates/Create new meeting note.md": [
    {
      "modifiers": [
        "Alt",
        "Mod"
      ],
      "key": "M"
    }
  ]
}