{
  "main": {
    "id": "bbf439edc510f0f6",
    "type": "split",
    "children": [
      {
        "id": "097b83e0d42f97bb",
        "type": "tabs",
        "children": [
          {
            "id": "bab256cd4848d1ef",
            "type": "leaf",
            "state": {
              "type": "markdown",
              "state": {
                "file": "templates/Task View.md",
                "mode": "source",
                "source": true
              }
            }
          },
          {
            "id": "702883befe23b40d",
            "type": "leaf",
            "state": {
              "type": "markdown",
              "state": {
                "file": "Welcome.md",
                "mode": "source",
                "source": false
              }
            }
          }
        ],
        "currentTab": 1
      }
    ],
    "direction": "vertical"
  },
  "left": {
    "id": "28a225630562faf9",
    "type": "split",
    "children": [
      {
        "id": "7e519b3b7bb9b56f",
        "type": "tabs",
        "children": [
          {
            "id": "2d01b14fbbe90279",
            "type": "leaf",
            "state": {
              "type": "file-explorer",
              "state": {
                "sortOrder": "alphabetical"
              }
            }
          },
          {
            "id": "f80e65df230837ae",
            "type": "leaf",
            "state": {
              "type": "search",
              "state": {
                "query": "",
                "matchingCase": false,
                "explainSearch": false,
                "collapseAll": false,
                "extraContext": false,
                "sortOrder": "alphabetical"
              }
            }
          },
          {
            "id": "991ea73c9ebc80db",
            "type": "leaf",
            "state": {
              "type": "bookmarks",
              "state": {}
            }
          }
        ]
      }
    ],
    "direction": "horizontal",
    "width": 300
  },
  "right": {
    "id": "ead0d3cb260d2b81",
    "type": "split",
    "children": [
      {
        "id": "229eb2ecdc71057b",
        "type": "tabs",
        "children": [
          {
            "id": "3f04d1c3c78b5dbb",
            "type": "leaf",
            "state": {
              "type": "backlink",
              "state": {
                "file": "Welcome.md",
                "collapseAll": false,
                "extraContext": false,
                "sortOrder": "alphabetical",
                "showSearch": false,
                "searchQuery": "",
                "backlinkCollapsed": false,
                "unlinkedCollapsed": true
              }
            }
          },
          {
            "id": "39e2df2cd43f758a",
            "type": "leaf",
            "state": {
              "type": "outgoing-link",
              "state": {
                "file": "Welcome.md",
                "linksCollapsed": false,
                "unlinkedCollapsed": true
              }
            }
          },
          {
            "id": "f62ca327af9c1732",
            "type": "leaf",
            "state": {
              "type": "tag",
              "state": {
                "sortOrder": "frequency",
                "useHierarchy": true
              }
            }
          },
          {
            "id": "628f2c023348c379",
            "type": "leaf",
            "state": {
              "type": "outline",
              "state": {
                "file": "Welcome.md"
              }
            }
          }
        ]
      }
    ],
    "direction": "horizontal",
    "width": 300
  },
  "left-ribbon": {
    "hiddenItems": {
      "switcher:Open quick switcher": false,
      "graph:Open graph view": false,
      "canvas:Create new canvas": false,
      "daily-notes:Open today's daily note": false,
      "templates:Insert template": false,
      "command-palette:Open command palette": false,
      "templater-obsidian:Templater": false
    }
  },
  "active": "702883befe23b40d",
  "lastOpenFiles": [
    "templates/Create new project.md",
    "Efforts",
    "Atlas/maps/Efforts.md",
    "Untitled.md",
    "Efforts",
    "Efforts/projects/Test/Test.md",
    "Calendar",
    "Atlas/maps",
    "Atlas",
    "Welcome.md",
    "templates/Task View.md",
    "templates/script - assign to project.md",
    "templates/script - assign to area.md",
    "templates/project.md",
    "templates/Daily Agenda.md",
    "templates/Create new meeting note.md",
    "atlas/maps/Efforts.md",
    "Efforts/projects/Test",
    "templates/meeting.md",
    "projects/Test project/Test project.md",
    "projects/Test project",
    "atlas/maps",
    "atlas",
    "templates/Create project note - Copy.md",
    "templates/Create Meeting Note - Copy.md",
    "templates/script - assign to project - Copy.md",
    "templates/script - assign to area - Copy.md",
    "templates"
  ]
}