{
  "main": {
    "id": "bbf439edc510f0f6",
    "type": "split",
    "children": [
      {
        "id": "097b83e0d42f97bb",
        "type": "tabs",
        "children": [
          {
            "id": "bab256cd4848d1ef",
            "type": "leaf",
            "state": {
              "type": "markdown",
              "state": {
                "file": "templates/Task View.md",
                "mode": "source",
                "source": true
              }
            }
          },
          {
            "id": "702883befe23b40d",
            "type": "leaf",
            "state": {
              "type": "markdown",
              "state": {
                "file": "Efforts/Test/Test.md",
                "mode": "preview",
                "source": true
              }
            }
          },
          {
            "id": "5fdb3b5ca8c3edeb",
            "type": "leaf",
            "state": {
              "type": "markdown",
              "state": {
                "file": "templates/person.md",
                "mode": "source",
                "source": true
              }
            }
          },
          {
            "id": "e2f0014e27519588",
            "type": "leaf",
            "state": {
              "type": "markdown",
              "state": {
                "file": "people/Bill Smith.md",
                "mode": "preview",
                "source": true
              }
            }
          },
          {
            "id": "5a4817101ee0aaaa",
            "type": "leaf",
            "state": {
              "type": "markdown",
              "state": {
                "file": "people/Anna Winter.md",
                "mode": "source",
                "source": false
              }
            }
          },
          {
            "id": "c6f7f9d74c70655f",
            "type": "leaf",
            "state": {
              "type": "markdown",
              "state": {
                "file": "Calendar/meetings/2024-02-09 Web launch kickoff meeting.md",
                "mode": "source",
                "source": false
              }
            }
          }
        ],
        "currentTab": 5
      }
    ],
    "direction": "vertical"
  },
  "left": {
    "id": "28a225630562faf9",
    "type": "split",
    "children": [
      {
        "id": "7e519b3b7bb9b56f",
        "type": "tabs",
        "children": [
          {
            "id": "2d01b14fbbe90279",
            "type": "leaf",
            "state": {
              "type": "file-explorer",
              "state": {
                "sortOrder": "alphabetical"
              }
            }
          },
          {
            "id": "f80e65df230837ae",
            "type": "leaf",
            "state": {
              "type": "search",
              "state": {
                "query": "",
                "matchingCase": false,
                "explainSearch": false,
                "collapseAll": false,
                "extraContext": false,
                "sortOrder": "alphabetical"
              }
            }
          },
          {
            "id": "991ea73c9ebc80db",
            "type": "leaf",
            "state": {
              "type": "bookmarks",
              "state": {}
            }
          }
        ]
      }
    ],
    "direction": "horizontal",
    "width": 300
  },
  "right": {
    "id": "ead0d3cb260d2b81",
    "type": "split",
    "children": [
      {
        "id": "229eb2ecdc71057b",
        "type": "tabs",
        "children": [
          {
            "id": "3f04d1c3c78b5dbb",
            "type": "leaf",
            "state": {
              "type": "backlink",
              "state": {
                "file": "Calendar/meetings/2024-02-09 Web launch kickoff meeting.md",
                "collapseAll": false,
                "extraContext": false,
                "sortOrder": "alphabetical",
                "showSearch": false,
                "searchQuery": "",
                "backlinkCollapsed": true,
                "unlinkedCollapsed": true
              }
            }
          },
          {
            "id": "39e2df2cd43f758a",
            "type": "leaf",
            "state": {
              "type": "outgoing-link",
              "state": {
                "file": "Calendar/meetings/2024-02-09 Web launch kickoff meeting.md",
                "linksCollapsed": false,
                "unlinkedCollapsed": true
              }
            }
          },
          {
            "id": "f62ca327af9c1732",
            "type": "leaf",
            "state": {
              "type": "tag",
              "state": {
                "sortOrder": "frequency",
                "useHierarchy": true
              }
            }
          },
          {
            "id": "628f2c023348c379",
            "type": "leaf",
            "state": {
              "type": "outline",
              "state": {
                "file": "Calendar/meetings/2024-02-09 Web launch kickoff meeting.md"
              }
            }
          }
        ]
      }
    ],
    "direction": "horizontal",
    "width": 300
  },
  "left-ribbon": {
    "hiddenItems": {
      "switcher:Open quick switcher": false,
      "graph:Open graph view": false,
      "canvas:Create new canvas": false,
      "daily-notes:Open today's daily note": false,
      "templates:Insert template": false,
      "command-palette:Open command palette": false,
      "templater-obsidian:Templater": false
    }
  },
  "active": "c6f7f9d74c70655f",
  "lastOpenFiles": [
    "Welcome.md",
    "Calendar/meetings/2024-02-09 Web launch kickoff meeting.md",
    "people/Simone Sez.md",
    "Efforts/Launch new website/Launch new website.md",
    "people/Anna Winter.md",
    "people/Bill Smith.md",
    "Efforts/Launch new website",
    "templates/project.md",
    "templates/meeting.md",
    "Efforts/Test/Test.md",
    "Calendar/meetings/2024-02-08 Test 2.md",
    "templates/person.md",
    "people/John Doe.md",
    "templates/Dossier.md",
    "people/person.md",
    "people",
    "templates/Create new project.md",
    "templates/Create new meeting note.md",
    "templates/script - assign to project.md",
    "Calendar/meetings/2024-02-08 Test meeting.md",
    "Calendar/meetings/2024-02-08 Another meeting.md",
    "Calendar/meetings/2024-02-08 Meeting test.md",
    "Atlas/maps/Efforts.md",
    "Efforts/Test",
    "projects/Test/Test.md",
    "projects/Test",
    "projects",
    "Efforts",
    "Efforts",
    "Efforts/projects/Test/Test.md",
    "Calendar",
    "Atlas/maps",
    "Atlas",
    "templates/Task View.md",
    "templates/script - assign to area.md",
    "templates/Daily Agenda.md"
  ]
}