{
  "main": {
    "id": "bbf439edc510f0f6",
    "type": "split",
    "children": [
      {
        "id": "a433571b828beecf",
        "type": "tabs",
        "children": [
          {
            "id": "52957088e9611a60",
            "type": "leaf",
            "state": {
              "type": "empty",
              "state": {}
            }
          }
        ]
      }
    ],
    "direction": "vertical"
  },
  "left": {
    "id": "28a225630562faf9",
    "type": "split",
    "children": [
      {
        "id": "7e519b3b7bb9b56f",
        "type": "tabs",
        "children": [
          {
            "id": "2d01b14fbbe90279",
            "type": "leaf",
            "state": {
              "type": "file-explorer",
              "state": {
                "sortOrder": "alphabetical"
              }
            }
          },
          {
            "id": "f80e65df230837ae",
            "type": "leaf",
            "state": {
              "type": "search",
              "state": {
                "query": "",
                "matchingCase": false,
                "explainSearch": false,
                "collapseAll": false,
                "extraContext": false,
                "sortOrder": "alphabetical"
              }
            }
          },
          {
            "id": "991ea73c9ebc80db",
            "type": "leaf",
            "state": {
              "type": "bookmarks",
              "state": {}
            }
          }
        ]
      }
    ],
    "direction": "horizontal",
    "width": 300
  },
  "right": {
    "id": "ead0d3cb260d2b81",
    "type": "split",
    "children": [
      {
        "id": "229eb2ecdc71057b",
        "type": "tabs",
        "children": [
          {
            "id": "3f04d1c3c78b5dbb",
            "type": "leaf",
            "state": {
              "type": "backlink",
              "state": {
                "collapseAll": false,
                "extraContext": false,
                "sortOrder": "alphabetical",
                "showSearch": false,
                "searchQuery": "",
                "backlinkCollapsed": false,
                "unlinkedCollapsed": true
              }
            }
          },
          {
            "id": "39e2df2cd43f758a",
            "type": "leaf",
            "state": {
              "type": "outgoing-link",
              "state": {
                "linksCollapsed": false,
                "unlinkedCollapsed": true
              }
            }
          },
          {
            "id": "ae51ccc81eb1a0cd",
            "type": "leaf",
            "state": {
              "type": "markdown",
              "state": {
                "file": "templates/Task View.md",
                "mode": "source",
                "source": false
              }
            }
          },
          {
            "id": "f62ca327af9c1732",
            "type": "leaf",
            "state": {
              "type": "tag",
              "state": {
                "sortOrder": "frequency",
                "useHierarchy": true
              }
            }
          },
          {
            "id": "628f2c023348c379",
            "type": "leaf",
            "state": {
              "type": "outline",
              "state": {}
            }
          }
        ],
        "currentTab": 2
      }
    ],
    "direction": "horizontal",
    "width": 222.5
  },
  "left-ribbon": {
    "hiddenItems": {
      "switcher:Open quick switcher": false,
      "graph:Open graph view": false,
      "canvas:Create new canvas": false,
      "daily-notes:Open today's daily note": false,
      "templates:Insert template": false,
      "command-palette:Open command palette": false,
      "templater-obsidian:Templater": false
    }
  },
  "active": "52957088e9611a60",
  "lastOpenFiles": [
    "templates/Create new meeting note.md",
    "Atlas/Maps/Areas.md",
    "Welcome.md",
    "Areas/Notes/People/fff-fff.md",
    "Scrap test page.md",
    "Areas/Notes/People/eee-eee.md",
    "Areas/Notes/People/ddd-ddd.md",
    "people/yyy-yyy.md",
    "people",
    "people/xxx-xxx.md",
    "Areas/Notes/People/Grace-Bennett.md",
    "Areas/Notes/People/Spencer-Bennett.md",
    "Areas/Notes/People/Rob-Bennett.md",
    "Areas/Notes/People",
    "Areas/Notes",
    "Areas",
    "templates/create new person note.md",
    "templates/person.md",
    "Calendar/Meetings/2024-02-11 test2.md",
    "Calendar/Meetings/2024-02-11 Test meeting.md",
    "Test.md",
    "templates/Task View.md",
    "Atlas/Maps/Efforts.md",
    "Atlas/Notes/People/Anna Winter.md",
    "Atlas/Maps/People.md",
    "Atlas/Notes/People/Simone Sez.md",
    "templates/meeting.md",
    "Behind-the-scenes details.md",
    "templates/script - assign to project.md",
    "templates/script - assign to area.md",
    "Example with notes.canvas",
    "Efforts/Buy new red stapler",
    "Efforts/Compile weekly TPS reports",
    "projects-tasks-demo/Taxonomy diagram.canvas",
    "projects-tasks-demo/Example with notes.canvas",
    "projects-tasks-demo",
    "New folder",
    "Taxonomy diagram.canvas",
    "projects-tasks-demo.zip",
    "Welcome.zip"
  ]
}