{
  "main": {
    "id": "bbf439edc510f0f6",
    "type": "split",
    "children": [
      {
        "id": "097b83e0d42f97bb",
        "type": "tabs",
        "dimension": 99.99999999999999,
        "children": [
          {
            "id": "74d6683c54ca5725",
            "type": "leaf",
            "state": {
              "type": "markdown",
              "state": {
                "file": "Welcome.md",
                "mode": "preview",
                "source": true
              }
            }
          }
        ]
      }
    ],
    "direction": "vertical"
  },
  "left": {
    "id": "28a225630562faf9",
    "type": "split",
    "children": [
      {
        "id": "7e519b3b7bb9b56f",
        "type": "tabs",
        "children": [
          {
            "id": "2d01b14fbbe90279",
            "type": "leaf",
            "state": {
              "type": "file-explorer",
              "state": {
                "sortOrder": "alphabetical"
              }
            }
          },
          {
            "id": "f80e65df230837ae",
            "type": "leaf",
            "state": {
              "type": "search",
              "state": {
                "query": "",
                "matchingCase": false,
                "explainSearch": false,
                "collapseAll": false,
                "extraContext": false,
                "sortOrder": "alphabetical"
              }
            }
          },
          {
            "id": "991ea73c9ebc80db",
            "type": "leaf",
            "state": {
              "type": "bookmarks",
              "state": {}
            }
          }
        ]
      }
    ],
    "direction": "horizontal",
    "width": 300
  },
  "right": {
    "id": "ead0d3cb260d2b81",
    "type": "split",
    "children": [
      {
        "id": "229eb2ecdc71057b",
        "type": "tabs",
        "children": [
          {
            "id": "3f04d1c3c78b5dbb",
            "type": "leaf",
            "state": {
              "type": "backlink",
              "state": {
                "file": "Welcome.md",
                "collapseAll": false,
                "extraContext": false,
                "sortOrder": "alphabetical",
                "showSearch": false,
                "searchQuery": "",
                "backlinkCollapsed": false,
                "unlinkedCollapsed": true
              }
            }
          },
          {
            "id": "39e2df2cd43f758a",
            "type": "leaf",
            "state": {
              "type": "outgoing-link",
              "state": {
                "file": "Welcome.md",
                "linksCollapsed": false,
                "unlinkedCollapsed": true
              }
            }
          },
          {
            "id": "ae51ccc81eb1a0cd",
            "type": "leaf",
            "state": {
              "type": "markdown",
              "state": {
                "file": "templates/Task View.md",
                "mode": "source",
                "source": false
              }
            }
          },
          {
            "id": "f62ca327af9c1732",
            "type": "leaf",
            "state": {
              "type": "tag",
              "state": {
                "sortOrder": "frequency",
                "useHierarchy": true
              }
            }
          },
          {
            "id": "628f2c023348c379",
            "type": "leaf",
            "state": {
              "type": "outline",
              "state": {
                "file": "Welcome.md"
              }
            }
          }
        ],
        "currentTab": 2
      }
    ],
    "direction": "horizontal",
    "width": 300
  },
  "left-ribbon": {
    "hiddenItems": {
      "switcher:Open quick switcher": false,
      "graph:Open graph view": false,
      "canvas:Create new canvas": false,
      "daily-notes:Open today's daily note": false,
      "templates:Insert template": false,
      "command-palette:Open command palette": false,
      "templater-obsidian:Templater": false
    }
  },
  "active": "74d6683c54ca5725",
  "lastOpenFiles": [
    "Atlas/Notes/People/Anna Winter.md",
    "Atlas/Notes/People/Simone Sez.md",
    "Welcome.md",
    "templates/Task View.md",
    "templates/meeting.md",
    "Atlas/Maps/People.md",
    "Behind-the-scenes details.md",
    "templates/script - assign to project.md",
    "templates/script - assign to area.md",
    "templates/Create new meeting note.md",
    "Efforts/Buy new red stapler/Buy new red stapler.md",
    "templates/project.md",
    "templates/Create new project.md",
    "Calendar/daily/2024-02-09.md",
    "Example with notes.canvas",
    "Atlas/Maps/Entities.md",
    "Atlas/Maps/Meetings.md",
    "templates/person.md",
    "Atlas/Maps/Efforts.md",
    "Atlas/Maps/Areas.md",
    "Efforts/Buy new red stapler",
    "Efforts/Compile weekly TPS reports/Compile weekly TPS reports.md",
    "Efforts/Compile weekly TPS reports",
    "Efforts/Launch new website/Launch new website.md",
    "Efforts/Some new project/Some new project.md",
    "Atlas/Maps/Areas (plain dataview).md",
    "projects-tasks-demo/Welcome.md",
    "projects-tasks-demo/Taxonomy diagram.canvas",
    "projects-tasks-demo/Example with notes.canvas",
    "projects-tasks-demo",
    "New folder",
    "Atlas/Notes/People/John Doe.md",
    "Atlas/Notes/People/Bill Smith.md",
    "Taxonomy diagram.canvas",
    "projects-tasks-demo.zip",
    "Welcome.zip",
    "Atlas/Notes",
    "Efforts/Some new project",
    "+",
    "Efforts/Launch new website"
  ]
}